-- phpMyAdmin SQL Dump
-- version 5.2.1
-- https://www.phpmyadmin.net/
--
-- Servidor: 127.0.0.1
-- Tiempo de generación: 25-07-2023 a las 13:10:20
-- Versión del servidor: 10.4.28-MariaDB
-- Versión de PHP: 8.2.4

SET SQL_MODE = "NO_AUTO_VALUE_ON_ZERO";
START TRANSACTION;
SET time_zone = "+00:00";


/*!40101 SET @OLD_CHARACTER_SET_CLIENT=@@CHARACTER_SET_CLIENT */;
/*!40101 SET @OLD_CHARACTER_SET_RESULTS=@@CHARACTER_SET_RESULTS */;
/*!40101 SET @OLD_COLLATION_CONNECTION=@@COLLATION_CONNECTION */;
/*!40101 SET NAMES utf8mb4 */;

--
-- Base de datos: `ballint_bbdd`
--

-- --------------------------------------------------------

--
-- Estructura de tabla para la tabla `credenciales`
--

CREATE TABLE `credenciales` (
  `id` int(11) NOT NULL,
  `user` varchar(50) NOT NULL,
  `password` varchar(100) NOT NULL,
  `rol` set('E','J','D','A') NOT NULL
) ENGINE=InnoDB DEFAULT CHARSET=utf8mb4 COLLATE=utf8mb4_general_ci;

--
-- Volcado de datos para la tabla `credenciales`
--

INSERT INTO `credenciales` (`id`, `user`, `password`, `rol`) VALUES
(1, 'Pedro', '12345', 'J'),
(2, 'JuanPe', '12345', 'J'),
(3, 'PaGar3', '12345', 'J'),
(4, 'JBruq', '12345', 'J'),
(5, 'PaGCV', '12345', 'J'),
(6, 'DavidC', '12345', 'J'),
(7, 'PabEG', '12345', 'J'),
(8, 'Manull', '12345', 'J'),
(9, 'Ikermc', '12345', 'J'),
(10, 'Linomf', '12345', 'J'),
(11, 'Beltmn', '12345', 'J'),
(12, 'AlbertoST', '12345', 'J'),
(13, 'JoacoY', '12345', 'J'),
(14, 'JoseluS', '12345', 'J'),
(15, 'Jongil', '12345', 'J'),
(16, 'Mariogl', '12345', 'J'),
(17, 'GonzaloG', '12345', 'E'),
(18, 'admin', 'admin', 'A');

-- --------------------------------------------------------

--
-- Estructura de tabla para la tabla `entrenadores`
--

CREATE TABLE `entrenadores` (
  `id` int(11) NOT NULL,
  `user` varchar(50) NOT NULL,
  `nombre` varchar(50) NOT NULL,
  `apellido1` varchar(50) NOT NULL,
  `apellido2` varchar(50) NOT NULL
) ENGINE=InnoDB DEFAULT CHARSET=utf8mb4 COLLATE=utf8mb4_general_ci;

--
-- Volcado de datos para la tabla `entrenadores`
--

INSERT INTO `entrenadores` (`id`, `user`, `nombre`, `apellido1`, `apellido2`) VALUES
(1, 'GonzaloG', 'Gonzalo', 'García', 'Gómez');

-- --------------------------------------------------------

--
-- Estructura de tabla para la tabla `equipos`
--

CREATE TABLE `equipos` (
  `id` int(10) NOT NULL,
  `id_equipo` varchar(50) NOT NULL,
  `categoria` varchar(50) NOT NULL,
  `nombre_equipo` varchar(50) NOT NULL,
  `seccion` enum('Masculino','Femenino') NOT NULL,
  `letra` varchar(1) DEFAULT NULL,
  `PJ` int(11) NOT NULL,
  `MT` int(11) NOT NULL,
  `MSMS` int(11) NOT NULL,
  `T2A` int(11) NOT NULL,
  `T2F` int(11) NOT NULL,
  `T3A` int(11) NOT NULL,
  `T3F` int(11) NOT NULL,
  `TLA` int(11) NOT NULL,
  `TLF` int(11) NOT NULL,
  `FLH` int(11) NOT NULL,
  `FLR` int(11) NOT NULL,
  `RBO` int(11) NOT NULL,
  `RBD` int(11) NOT NULL,
  `ROB` int(11) NOT NULL,
  `TAP` int(11) NOT NULL,
  `PRD` int(11) NOT NULL,
  `AST` int(11) NOT NULL
) ENGINE=InnoDB DEFAULT CHARSET=utf8mb4 COLLATE=utf8mb4_general_ci;

--
-- Volcado de datos para la tabla `equipos`
--

INSERT INTO `equipos` (`id`, `id_equipo`, `categoria`, `nombre_equipo`, `seccion`, `letra`, `PJ`, `MT`, `MSMS`, `T2A`, `T2F`, `T3A`, `T3F`, `TLA`, `TLF`, `FLH`, `FLR`, `RBO`, `RBD`, `ROB`, `TAP`, `PRD`, `AST`) VALUES
(1, 'NacionalMasculino', 'Nacional', 'Liceo Frances Nacional Masculino', 'Masculino', NULL, 1, 90, 0, 1, 0, 0, 0, 0, 0, 0, 0, 0, 0, 0, 0, 0, 0);

-- --------------------------------------------------------

--
-- Estructura de tabla para la tabla `jugadores`
--

CREATE TABLE `jugadores` (
  `id` int(11) NOT NULL,
  `user` varchar(50) DEFAULT NULL,
  `nombre` varchar(50) NOT NULL,
  `apellido1` varchar(50) NOT NULL,
  `apellido2` varchar(50) NOT NULL,
  `numero` int(2) DEFAULT NULL,
  `PJ` int(5) NOT NULL,
  `MT` int(10) NOT NULL,
  `TIT` int(5) NOT NULL,
  `SUP` int(5) NOT NULL,
  `MSMS` float NOT NULL,
  `T2A` int(5) NOT NULL,
  `T2F` int(5) NOT NULL,
  `T3A` int(5) NOT NULL,
  `T3F` int(5) NOT NULL,
  `TLA` int(5) NOT NULL,
  `TLF` int(5) NOT NULL,
  `FLH` int(5) NOT NULL,
  `FLR` int(5) NOT NULL,
  `RBO` int(5) NOT NULL,
  `RBD` int(5) NOT NULL,
  `ROB` int(5) NOT NULL,
  `TAP` int(5) NOT NULL,
  `PRD` int(5) NOT NULL,
  `AST` int(5) NOT NULL
) ENGINE=InnoDB DEFAULT CHARSET=utf8mb4 COLLATE=utf8mb4_general_ci;

--
-- Volcado de datos para la tabla `jugadores`
--

INSERT INTO `jugadores` (`id`, `user`, `nombre`, `apellido1`, `apellido2`, `numero`, `PJ`, `MT`, `TIT`, `SUP`, `MSMS`, `T2A`, `T2F`, `T3A`, `T3F`, `TLA`, `TLF`, `FLH`, `FLR`, `RBO`, `RBD`, `ROB`, `TAP`, `PRD`, `AST`) VALUES
(1, 'Pedro', 'Pedro', 'Martinez', 'Fernandez', 1, 3, 66, 7, 0, 14, 6, 5, 0, 1, 0, 0, 0, 0, 0, 0, 0, 0, 0, 0),
(2, 'JuanPe', 'Juan ', 'Pérez', 'García', 2, 3, 66, 7, 0, 14, 1, 0, 0, 0, 0, 0, 0, 0, 0, 0, 0, 0, 0, 0),
(3, 'PaGar3', 'Pablo ', 'Alonso ', 'García', 3, 3, 66, 7, 0, 14, 0, 0, 0, 0, 0, 0, 0, 0, 0, 0, 0, 0, 0, 0),
(4, 'JBruq', 'Javier', 'Bru', 'Querol', 4, 3, 66, 7, 0, 14, 0, 0, 0, 0, 0, 0, 0, 0, 0, 0, 0, 0, 0, 0),
(5, 'PaGCV', 'Pablo Gregorio', 'Carrasco', 'Villacastin', 5, 3, 66, 7, 0, 14, 0, 0, 0, 0, 0, 0, 0, 0, 0, 0, 0, 0, 0, 0),
(6, 'DavidC', 'David', 'Casillas', 'Pirajno', 6, 3, 0, 0, 7, 0, 0, 0, 0, 0, 0, 0, 0, 0, 0, 0, 0, 0, 0, 0),
(7, 'PabEG', 'Pablo', 'Esteban', 'Gonzalez', 7, 3, 0, 0, 7, 0, 0, 0, 0, 0, 0, 0, 0, 0, 0, 0, 0, 0, 0, 0),
(8, 'Manull', 'Manuel', 'Martinez', 'Llimona', 8, 3, 0, 0, 7, 0, 0, 0, 0, 0, 0, 0, 0, 0, 0, 0, 0, 0, 0, 0),
(9, 'Ikermc', 'Iker', 'Mateo', 'Castaño', 9, 3, 0, 0, 7, 0, 0, 0, 0, 0, 0, 0, 0, 0, 0, 0, 0, 0, 0, 0),
(10, 'Linomf', 'Lino', 'Monteagudo', 'Fuentes', 10, 3, 0, 0, 7, 0, 0, 0, 0, 0, 0, 0, 0, 0, 0, 0, 0, 0, 0, 0),
(11, 'Beltmn', 'Beltrán', 'Moraleda', 'Navarro', 11, 3, 0, 0, 7, 0, 0, 0, 0, 0, 0, 0, 0, 0, 0, 0, 0, 0, 0, 0),
(12, 'AlbertoST', 'Alberto', 'Sanz', 'Toril', 12, 0, 0, 0, 0, 0, 0, 0, 0, 0, 0, 0, 0, 0, 0, 0, 0, 0, 0, 0),
(13, 'JoacoY', 'Joaquín', 'Yañez', 'Saz', 13, 1, 0, 0, 1, 0, 0, 0, 0, 0, 0, 0, 0, 0, 0, 0, 0, 0, 0, 0),
(14, 'JoseluS', 'Juan Luis', 'Saez-Benito', 'Torquemada', 14, 2, 0, 0, 6, 0, 0, 0, 0, 0, 0, 0, 0, 0, 0, 0, 0, 0, 0, 0),
(15, 'Jongil', 'Jaime', 'Ongil', 'Fernandez', 15, 0, 0, 0, 0, 0, 0, 0, 0, 0, 0, 0, 0, 0, 0, 0, 0, 0, 0, 0),
(16, 'Mariogl', 'Mario', 'Gómez', 'López', 16, 0, 0, 0, 0, 0, 0, 0, 0, 0, 0, 0, 0, 0, 0, 0, 0, 0, 0, 0);

-- --------------------------------------------------------

--
-- Estructura de tabla para la tabla `partidos`
--

CREATE TABLE `partidos` (
  `id` int(11) NOT NULL,
  `local` varchar(50) NOT NULL,
  `visitante` varchar(50) NOT NULL,
  `fecha` date NOT NULL,
  `hora` time NOT NULL
) ENGINE=InnoDB DEFAULT CHARSET=utf8mb4 COLLATE=utf8mb4_general_ci;

--
-- Volcado de datos para la tabla `partidos`
--

INSERT INTO `partidos` (`id`, `local`, `visitante`, `fecha`, `hora`) VALUES
(20, 'NacMasc', 'TresCantosNacional', '2023-07-06', '18:42:00'),
(21, 'NacionalMasculino', 'TresCantosNacional', '2023-07-25', '11:05:00');

-- --------------------------------------------------------

--
-- Estructura de tabla para la tabla `tmp_partidoe_21`
--

CREATE TABLE `tmp_partidoe_21` (
  `id` int(11) NOT NULL,
  `equipo` varchar(50) NOT NULL,
  `timeouts` int(11) DEFAULT 0,
  `faltasbanquillo` int(11) DEFAULT 0,
  `puntos` int(11) DEFAULT 0,
  `lider` tinyint(1) NOT NULL,
  `empate` tinyint(1) NOT NULL DEFAULT 1,
  `alternancias` int(11) DEFAULT 0,
  `vecesempatados` int(11) DEFAULT 0,
  `veceslider` int(11) DEFAULT 0,
  `q1` int(11) DEFAULT 0,
  `q2` int(11) DEFAULT 0,
  `q3` int(11) DEFAULT 0,
  `q4` int(11) DEFAULT 0,
  `extra` int(11) DEFAULT 0
) ENGINE=InnoDB DEFAULT CHARSET=utf8mb4 COLLATE=utf8mb4_general_ci;

--
-- Volcado de datos para la tabla `tmp_partidoe_21`
--

INSERT INTO `tmp_partidoe_21` (`id`, `equipo`, `timeouts`, `faltasbanquillo`, `puntos`, `lider`, `empate`, `alternancias`, `vecesempatados`, `veceslider`, `q1`, `q2`, `q3`, `q4`, `extra`) VALUES
(1, 'NacionalMasculino', 0, 0, 2, 1, 0, 1, 0, 1, 2, 0, 0, 0, 0),
(2, 'TresCantosNacional', 0, 0, 0, 0, 0, 1, 0, 0, 0, 0, 0, 0, 0);

-- --------------------------------------------------------

--
-- Estructura de tabla para la tabla `tmp_partido_21`
--

CREATE TABLE `tmp_partido_21` (
  `id` int(11) NOT NULL,
  `equipo` varchar(50) NOT NULL,
  `jugador` varchar(50) NOT NULL,
  `nombrejugador` varchar(50) NOT NULL,
  `numero` int(2) DEFAULT NULL,
  `titular` tinyint(1) NOT NULL,
  `en_juego` tinyint(1) NOT NULL,
  `segundosjugados` int(11) DEFAULT 0,
  `masmenos` int(11) DEFAULT 0,
  `T2A` int(11) DEFAULT 0,
  `T2F` int(11) DEFAULT 0,
  `T3A` int(11) DEFAULT 0,
  `T3F` int(11) DEFAULT 0,
  `TLA` int(11) DEFAULT 0,
  `TLF` int(11) DEFAULT 0,
  `FLH` int(11) DEFAULT 0,
  `FLR` int(11) DEFAULT 0,
  `TEC` int(11) DEFAULT 0,
  `RBO` int(11) DEFAULT 0,
  `RBD` int(11) DEFAULT 0,
  `ROB` int(11) DEFAULT 0,
  `TAP` int(11) DEFAULT 0,
  `PRD` int(11) DEFAULT 0,
  `AST` int(11) DEFAULT 0
) ENGINE=InnoDB DEFAULT CHARSET=utf8mb4 COLLATE=utf8mb4_general_ci;

--
-- Volcado de datos para la tabla `tmp_partido_21`
--

INSERT INTO `tmp_partido_21` (`id`, `equipo`, `jugador`, `nombrejugador`, `numero`, `titular`, `en_juego`, `segundosjugados`, `masmenos`, `T2A`, `T2F`, `T3A`, `T3F`, `TLA`, `TLF`, `FLH`, `FLR`, `TEC`, `RBO`, `RBD`, `ROB`, `TAP`, `PRD`, `AST`) VALUES
(1, 'NacionalMasculino', 'Pedro', 'Pedro Martinez Fernandez', 1, 1, 1, 18, 2, 0, 0, 0, 0, 0, 0, 0, 0, 0, 0, 0, 0, 0, 0, 0),
(2, 'NacionalMasculino', 'JuanPe', 'Juan  Pérez García', 2, 1, 1, 18, 2, 1, 0, 0, 0, 0, 0, 0, 0, 0, 0, 0, 0, 0, 0, 0),
(3, 'NacionalMasculino', 'PaGar3', 'Pablo  Alonso  García', 3, 1, 1, 18, 2, 0, 0, 0, 0, 0, 0, 0, 0, 0, 0, 0, 0, 0, 0, 0),
(4, 'NacionalMasculino', 'JBruq', 'Javier Bru Querol', 4, 1, 1, 18, 2, 0, 0, 0, 0, 0, 0, 0, 0, 0, 0, 0, 0, 0, 0, 0),
(5, 'NacionalMasculino', 'PaGCV', 'Pablo Gregorio Carrasco Villacastin', 5, 1, 1, 18, 2, 0, 0, 0, 0, 0, 0, 0, 0, 0, 0, 0, 0, 0, 0, 0),
(6, 'NacionalMasculino', 'DavidC', 'David Casillas Pirajno', 6, 0, 0, 0, 0, 0, 0, 0, 0, 0, 0, 0, 0, 0, 0, 0, 0, 0, 0, 0),
(7, 'NacionalMasculino', 'PabEG', 'Pablo Esteban Gonzalez', 7, 0, 0, 0, 0, 0, 0, 0, 0, 0, 0, 0, 0, 0, 0, 0, 0, 0, 0, 0),
(8, 'NacionalMasculino', 'Manull', 'Manuel Martinez Llimona', 8, 0, 0, 0, 0, 0, 0, 0, 0, 0, 0, 0, 0, 0, 0, 0, 0, 0, 0, 0),
(9, 'NacionalMasculino', 'Ikermc', 'Iker Mateo Castaño', 9, 0, 0, 0, 0, 0, 0, 0, 0, 0, 0, 0, 0, 0, 0, 0, 0, 0, 0, 0),
(10, 'NacionalMasculino', 'Linomf', 'Lino Monteagudo Fuentes', 10, 0, 0, 0, 0, 0, 0, 0, 0, 0, 0, 0, 0, 0, 0, 0, 0, 0, 0, 0),
(11, 'NacionalMasculino', 'Beltmn', 'Beltrán Moraleda Navarro', 11, 0, 0, 0, 0, 0, 0, 0, 0, 0, 0, 0, 0, 0, 0, 0, 0, 0, 0, 0),
(12, 'NacionalMasculino', 'JoacoY', 'Joaquín Yañez Saz', 13, 0, 0, 0, 0, 0, 0, 0, 0, 0, 0, 0, 0, 0, 0, 0, 0, 0, 0, 0),
(13, 'TresCantosNacional', 'Juanpedro', 'Juanpedro', 1, 1, 1, 18, -2, 0, 0, 0, 0, 0, 0, 0, 0, 0, 0, 0, 0, 0, 0, 0),
(14, 'TresCantosNacional', 'Pablo', 'Pablo', 2, 1, 1, 18, -2, 0, 0, 0, 0, 0, 0, 0, 0, 0, 0, 0, 0, 0, 0, 0),
(15, 'TresCantosNacional', 'Pedrote', 'Pedrote', 3, 1, 1, 18, -2, 0, 0, 0, 0, 0, 0, 0, 0, 0, 0, 0, 0, 0, 0, 0),
(16, 'TresCantosNacional', 'Juan', 'Juan', 4, 1, 1, 18, -2, 0, 0, 0, 0, 0, 0, 0, 0, 0, 0, 0, 0, 0, 0, 0),
(17, 'TresCantosNacional', 'Manolo', 'Manolo', 5, 1, 1, 18, -2, 0, 0, 0, 1, 0, 0, 0, 0, 0, 0, 0, 0, 0, 0, 0),
(18, 'TresCantosNacional', 'Lucas', 'Lucas', 6, 0, 0, 0, 0, 0, 0, 0, 0, 0, 0, 0, 0, 0, 0, 0, 0, 0, 0, 0),
(19, 'TresCantosNacional', 'Martín', 'Martín', 7, 0, 0, 0, 0, 0, 0, 0, 0, 0, 0, 0, 0, 0, 0, 0, 0, 0, 0, 0),
(20, 'TresCantosNacional', 'Isaca', 'Isaca', 8, 0, 0, 0, 0, 0, 0, 0, 0, 0, 0, 0, 0, 0, 0, 0, 0, 0, 0, 0),
(21, 'TresCantosNacional', 'Webo', 'Webo', 9, 0, 0, 0, 0, 0, 0, 0, 0, 0, 0, 0, 0, 0, 0, 0, 0, 0, 0, 0),
(22, 'TresCantosNacional', 'Malin', 'Malin', 10, 0, 0, 0, 0, 0, 0, 0, 0, 0, 0, 0, 0, 0, 0, 0, 0, 0, 0, 0),
(23, 'TresCantosNacional', 'Pablote', 'Pablote', 11, 0, 0, 0, 0, 0, 0, 0, 0, 0, 0, 0, 0, 0, 0, 0, 0, 0, 0, 0),
(24, 'TresCantosNacional', 'Gonzalo', 'Gonzalo', 12, 0, 0, 0, 0, 0, 0, 0, 0, 0, 0, 0, 0, 0, 0, 0, 0, 0, 0, 0);

-- --------------------------------------------------------

--
-- Estructura de tabla para la tabla `usuarios_equipos`
--

CREATE TABLE `usuarios_equipos` (
  `id` int(11) NOT NULL,
  `equipo_id` int(11) NOT NULL,
  `usuario_id` int(11) NOT NULL
) ENGINE=InnoDB DEFAULT CHARSET=utf8mb4 COLLATE=utf8mb4_general_ci;

--
-- Volcado de datos para la tabla `usuarios_equipos`
--

INSERT INTO `usuarios_equipos` (`id`, `equipo_id`, `usuario_id`) VALUES
(1, 1, 1),
(2, 1, 2),
(3, 1, 3),
(4, 1, 4),
(5, 1, 5),
(6, 1, 6),
(7, 1, 7),
(8, 1, 8),
(9, 1, 9),
(10, 1, 10),
(11, 1, 11),
(12, 1, 12),
(13, 1, 13),
(14, 1, 14),
(15, 1, 15),
(16, 1, 16),
(17, 1, 17);

--
-- Índices para tablas volcadas
--

--
-- Indices de la tabla `credenciales`
--
ALTER TABLE `credenciales`
  ADD PRIMARY KEY (`id`),
  ADD UNIQUE KEY `user` (`user`);

--
-- Indices de la tabla `entrenadores`
--
ALTER TABLE `entrenadores`
  ADD PRIMARY KEY (`id`),
  ADD KEY `usuarioEnt_fk` (`user`);

--
-- Indices de la tabla `equipos`
--
ALTER TABLE `equipos`
  ADD PRIMARY KEY (`id`),
  ADD UNIQUE KEY `id_equipo` (`id_equipo`),
  ADD UNIQUE KEY `nombre_equipo` (`nombre_equipo`);

--
-- Indices de la tabla `jugadores`
--
ALTER TABLE `jugadores`
  ADD PRIMARY KEY (`id`),
  ADD UNIQUE KEY `user` (`user`);

--
-- Indices de la tabla `partidos`
--
ALTER TABLE `partidos`
  ADD PRIMARY KEY (`id`);

--
-- Indices de la tabla `tmp_partidoe_21`
--
ALTER TABLE `tmp_partidoe_21`
  ADD PRIMARY KEY (`id`);

--
-- Indices de la tabla `tmp_partido_21`
--
ALTER TABLE `tmp_partido_21`
  ADD PRIMARY KEY (`id`);

--
-- Indices de la tabla `usuarios_equipos`
--
ALTER TABLE `usuarios_equipos`
  ADD PRIMARY KEY (`id`),
  ADD UNIQUE KEY `usuario_id` (`usuario_id`),
  ADD KEY `equipo_fk` (`equipo_id`);

--
-- AUTO_INCREMENT de las tablas volcadas
--

--
-- AUTO_INCREMENT de la tabla `credenciales`
--
ALTER TABLE `credenciales`
  MODIFY `id` int(11) NOT NULL AUTO_INCREMENT, AUTO_INCREMENT=19;

--
-- AUTO_INCREMENT de la tabla `entrenadores`
--
ALTER TABLE `entrenadores`
  MODIFY `id` int(11) NOT NULL AUTO_INCREMENT, AUTO_INCREMENT=3;

--
-- AUTO_INCREMENT de la tabla `equipos`
--
ALTER TABLE `equipos`
  MODIFY `id` int(10) NOT NULL AUTO_INCREMENT, AUTO_INCREMENT=2;

--
-- AUTO_INCREMENT de la tabla `jugadores`
--
ALTER TABLE `jugadores`
  MODIFY `id` int(11) NOT NULL AUTO_INCREMENT, AUTO_INCREMENT=18;

--
-- AUTO_INCREMENT de la tabla `partidos`
--
ALTER TABLE `partidos`
  MODIFY `id` int(11) NOT NULL AUTO_INCREMENT, AUTO_INCREMENT=22;

--
-- AUTO_INCREMENT de la tabla `tmp_partidoe_21`
--
ALTER TABLE `tmp_partidoe_21`
  MODIFY `id` int(11) NOT NULL AUTO_INCREMENT, AUTO_INCREMENT=3;

--
-- AUTO_INCREMENT de la tabla `tmp_partido_21`
--
ALTER TABLE `tmp_partido_21`
  MODIFY `id` int(11) NOT NULL AUTO_INCREMENT, AUTO_INCREMENT=25;

--
-- AUTO_INCREMENT de la tabla `usuarios_equipos`
--
ALTER TABLE `usuarios_equipos`
  MODIFY `id` int(11) NOT NULL AUTO_INCREMENT, AUTO_INCREMENT=18;

--
-- Restricciones para tablas volcadas
--

--
-- Filtros para la tabla `entrenadores`
--
ALTER TABLE `entrenadores`
  ADD CONSTRAINT `usuarioEnt_fk` FOREIGN KEY (`user`) REFERENCES `credenciales` (`user`) ON DELETE CASCADE ON UPDATE CASCADE;

--
-- Filtros para la tabla `jugadores`
--
ALTER TABLE `jugadores`
  ADD CONSTRAINT `usuario_fk` FOREIGN KEY (`user`) REFERENCES `credenciales` (`user`) ON DELETE CASCADE ON UPDATE CASCADE;

--
-- Filtros para la tabla `usuarios_equipos`
--
ALTER TABLE `usuarios_equipos`
  ADD CONSTRAINT `equipo_fk` FOREIGN KEY (`equipo_id`) REFERENCES `equipos` (`id`) ON DELETE CASCADE ON UPDATE CASCADE,
  ADD CONSTRAINT `user_fk` FOREIGN KEY (`usuario_id`) REFERENCES `credenciales` (`id`) ON DELETE CASCADE ON UPDATE CASCADE;
COMMIT;

/*!40101 SET CHARACTER_SET_CLIENT=@OLD_CHARACTER_SET_CLIENT */;
/*!40101 SET CHARACTER_SET_RESULTS=@OLD_CHARACTER_SET_RESULTS */;
/*!40101 SET COLLATION_CONNECTION=@OLD_COLLATION_CONNECTION */;
